{
  "index": "/index.html",
  "dataGroups": [{
    "name": "booksAPICalls",
    "urls": [
      "https://www.googleapis.com/books/*"
    ],
    "cacheConfig": {
      "maxSize": 10,
      "maxAge": "2d",
      "timeout": "20m",
      "strategy": "performance"
    }
  }],
  "assetGroups": [
    {
      "name": "app",
      "installMode": "prefetch",
      "resources": {
        "files": [
          "/favicon.ico",
          "/index.html",
          "/*.css",
          "/*.js"
        ]
      }
    }, {
      "name": "externalAssets",
      "installMode": "lazy",
      "updateMode": "prefetch",
      "resources": {
        "urls": [
          "https://books.google.com/books/*",
          "https://fonts.googleapis.com/icon?family=Material+Icons"
        ]
      }
    }, {
      "name": "assets",
      "installMode": "lazy",
      "updateMode": "prefetch",
      "resources": {
        "files": [
          "/assets/**",
          "/*.(eot|svg|cur|jpg|png|webp|gif|otf|ttf|woff|woff2|ani)"
        ]
      }
    }
  ]
}
